channel,level,width,height,predicted_dx,predicted_dy,selected_dx,selected_dy,full_resolution_dx,full_resolution_dy,score
Green,4,238,203,0,0,1,4,16,64,0.9896582365036011
Green,3,475,405,2,8,1,8,8,64,0.9775931239128113
Green,2,950,810,2,16,3,15,12,60,0.9745480418205261
Green,1,1900,1619,6,30,4,30,8,60,0.9611848592758179
Green,0,3800,3238,8,60,6,61,6,61,0.9571782350540161
Red,4,238,203,0,0,1,8,16,128,0.9588096737861633
Red,3,475,405,2,16,2,16,16,128,0.9497169852256775
Red,2,950,810,4,32,3,32,12,128,0.9439765214920044
Red,1,1900,1619,6,64,6,65,12,130,0.9410362839698792
Red,0,3800,3238,12,130,12,129,12,129,0.9394334554672241
