filename,channel_height,channel_width,l2_green_dx,l2_green_dy,l2_red_dx,l2_red_dy,l2_green_score,l2_red_score,ncc_green_dx,ncc_green_dy,ncc_red_dx,ncc_red_dy,ncc_green_score,ncc_red_score,pyramid_green_dx,pyramid_green_dy,pyramid_red_dx,pyramid_red_dy,pyramid_green_score,pyramid_red_score,runtime_seconds,status,error
00056v.jpg,341,398,1,6,1,13,63.763336181640625,79.46464538574219,1,6,1,13,0.9469954371452332,0.9163514375686646,1,6,1,13,0.9465258717536926,0.9214994311332703,2.153268417,OK,
00125v.jpg,341,400,2,5,1,10,52.70751953125,78.37410736083984,1,5,1,10,0.963451087474823,0.9321264624595642,1,5,1,10,0.9608631134033203,0.934279203414917,0.6166181669999999,OK,
00163v.jpg,341,387,1,-3,1,-4,35.28105163574219,39.40095901489258,1,-3,1,-4,0.9818156957626343,0.9773519039154053,1,-3,1,-4,0.9809949398040771,0.974155604839325,0.6012468340000003,OK,
00458u.jpg,3238,3741,-6,15,-1,14,760.4140014648438,925.99462890625,-6,15,-2,11,0.9530996680259705,0.9306323528289795,-2,42,29,88,0.9603732228279114,0.9630212187767029,61.362492709,OK,
00804v.jpg,341,396,-2,6,-4,13,43.20161437988281,60.778724670410156,-2,6,-4,13,0.9825522899627686,0.9621267318725586,-3,6,-4,13,0.9782670140266418,0.963634192943573,0.601549250000005,OK,
01007a.jpg,3238,3800,-4,15,-9,15,795.833984375,1148.51953125,-4,15,-9,15,0.9346591234207153,0.8857212066650391,6,61,12,129,0.9576117992401123,0.9396575093269348,59.530167584,OK,
01047u.jpg,3218,3741,2,15,7,15,564.9843139648438,783.1651611328125,2,15,7,15,0.9301419854164124,0.9044051170349121,17,24,33,72,0.9379204511642456,0.9598753452301025,57.93878883399999,OK,
01164v.jpg,341,396,1,6,3,11,42.34385681152344,61.53480529785156,1,6,3,11,0.9805086255073547,0.9647599458694458,1,6,3,11,0.9770610332489014,0.9717709422111511,0.608241583000023,OK,
01269v.jpg,341,395,2,6,3,14,75.89324951171875,120.35137939453125,2,6,2,13,0.9569545388221741,0.9295129776000977,2,6,3,13,0.9561495184898376,0.9341789484024048,0.5940791250000075,OK,
01522v.jpg,341,391,2,6,2,13,69.69864654541016,79.60279083251953,2,6,2,13,0.9573572278022766,0.9508578181266785,2,6,2,13,0.954193651676178,0.9511147141456604,0.5895279590000087,OK,
01597v.jpg,341,395,1,7,0,15,55.25278091430664,67.7905044555664,1,7,0,15,0.967850387096405,0.9563552737236023,1,7,1,16,0.967850387096405,0.965986967086792,0.6027591250000057,OK,
01598v.jpg,341,392,0,8,-1,15,41.188377380371094,68.83807373046875,0,8,-1,15,0.959566593170166,0.9380079507827759,0,8,-1,16,0.959566593170166,0.9491449594497681,0.5850306659999944,OK,
01657u.jpg,3212,3761,-8,15,-15,15,634.0324096679688,906.5711669921875,-8,15,-15,15,0.9492365121841431,0.9018231630325317,-6,55,1,112,0.9654515981674194,0.9610125422477722,57.710246375,OK,
01725u.jpg,3231,3731,7,15,13,15,751.1350708007812,1174.844482421875,7,15,13,-10,0.8695147037506104,0.8190670013427734,38,77,76,161,0.8889540433883667,0.9375792145729065,57.74734375,OK,
01728v.jpg,341,397,1,8,0,15,45.40389633178711,75.40773010253906,1,8,1,15,0.9733778834342957,0.9452385306358337,1,8,1,18,0.9733778834342957,0.9747560024261475,0.6099158750000129,OK,
01861a.jpg,3228,3741,15,15,15,15,803.3258056640625,1034.7742919921875,15,15,15,15,0.9317258596420288,0.9014283418655396,38,71,62,148,0.9573755264282227,0.9729781746864319,62.21925162500003,OK,
10131v.jpg,341,400,2,6,3,12,62.646671295166016,84.33958435058594,2,6,3,11,0.9803752303123474,0.9730799198150635,2,6,3,12,0.9791073799133301,0.9748495817184448,0.6124697910000236,OK,
31421v.jpg,341,398,0,8,0,13,44.16563034057617,55.22544860839844,0,8,0,13,0.9964896440505981,0.9870621562004089,0,8,0,13,0.9964896440505981,0.9874458312988281,0.6074429169999576,OK,
